<?xml version="1.0"?>
<opencv_storage>
<cascade>
  <stageType>BOOST</stageType>
  <featureType>HAAR</featureType>
  <height>30</height>
  <width>30</width>
  <stageParams>
    <boostType>GAB</boostType>
    <minHitRate>9.9500000476837158e-01</minHitRate>
    <maxFalseAlarm>5.0000000000000000e-01</maxFalseAlarm>
    <weightTrimRate>9.4999999999999996e-01</weightTrimRate>
    <maxDepth>1</maxDepth>
    <maxWeakCount>100</maxWeakCount></stageParams>
  <featureParams>
    <maxCatCount>0</maxCatCount>
    <featSize>1</featSize>
    <mode>ALL</mode></featureParams>
  <stageNum>9</stageNum>
  <stages>
    <!-- stage 0 -->
    <_>
      <maxWeakCount>1</maxWeakCount>
      <stageThreshold>9.8895025253295898e-01</stageThreshold>
      <weakClassifiers>
        <_>
          <internalNodes>
            0 -1 1 -1.6981959342956543e-01</internalNodes>
          <leafValues>
            9.8895025253295898e-01 -1.</leafValues></_></weakClassifiers></_>
    <!-- stage 1 -->
    <_>
      <maxWeakCount>2</maxWeakCount>
      <stageThreshold>-3.9907211065292358e-01</stageThreshold>
      <weakClassifiers>
        <_>
          <internalNodes>
            0 -1 7 -7.6670527458190918e-02</internalNodes>
          <leafValues>
            7.2530120611190796e-01 -9.8571425676345825e-01</leafValues></_>
        <_>
          <internalNodes>
            0 -1 0 5.6928228586912155e-03</internalNodes>
          <leafValues>
            -9.9448299407958984e-01 5.8664214611053467e-01</leafValues></_></weakClassifiers></_>
    <!-- stage 2 -->
    <_>
      <maxWeakCount>2</maxWeakCount>
      <stageThreshold>9.4183087348937988e-02</stageThreshold>
      <weakClassifiers>
        <_>
          <internalNodes>
            0 -1 9 5.2437400445342064e-03</internalNodes>
          <leafValues>
            -7.2826087474822998e-01 8.9602446556091309e-01</leafValues></_>
        <_>
          <internalNodes>
            0 -1 12 2.4259216152131557e-03</internalNodes>
          <leafValues>
            -7.7978801727294922e-01 8.2244396209716797e-01</leafValues></_></weakClassifiers></_>
    <!-- stage 3 -->
    <_>
      <maxWeakCount>2</maxWeakCount>
      <stageThreshold>-3.0419817566871643e-01</stageThreshold>
      <weakClassifiers>
        <_>
          <internalNodes>
            0 -1 3 -2.6019368320703506e-02</internalNodes>
          <leafValues>
            7.8516626358032227e-01 -9.2763155698776245e-01</leafValues></_>
        <_>
          <internalNodes>
            0 -1 13 -1.9201822578907013e-02</internalNodes>
          <leafValues>
            6.2343341112136841e-01 -9.6984839439392090e-01</leafValues></_></weakClassifiers></_>
    <!-- stage 4 -->
    <_>
      <maxWeakCount>3</maxWeakCount>
      <stageThreshold>-6.7189341783523560e-01</stageThreshold>
      <weakClassifiers>
        <_>
          <internalNodes>
            0 -1 14 1.3135864865034819e-03</internalNodes>
          <leafValues>
            -7.0718234777450562e-01 8.4384381771087646e-01</leafValues></_>
        <_>
          <internalNodes>
            0 -1 10 1.7418779432773590e-02</internalNodes>
          <leafValues>
            -6.2426775693893433e-01 8.4770226478576660e-01</leafValues></_>
        <_>
          <internalNodes>
            0 -1 2 -7.3867470026016235e-02</internalNodes>
          <leafValues>
            -8.1241339445114136e-01 6.9572824239730835e-01</leafValues></_></weakClassifiers></_>
    <!-- stage 5 -->
    <_>
      <maxWeakCount>1</maxWeakCount>
      <stageThreshold>5.1898735761642456e-01</stageThreshold>
      <weakClassifiers>
        <_>
          <internalNodes>
            0 -1 5 8.0643236637115479e-02</internalNodes>
          <leafValues>
            -1. 5.1898735761642456e-01</leafValues></_></weakClassifiers></_>
    <!-- stage 6 -->
    <_>
      <maxWeakCount>2</maxWeakCount>
      <stageThreshold>2.0539658144116402e-02</stageThreshold>
      <weakClassifiers>
        <_>
          <internalNodes>
            0 -1 11 -5.6140612810850143e-02</internalNodes>
          <leafValues>
            -9.1272729635238647e-01 6.5714287757873535e-01</leafValues></_>
        <_>
          <internalNodes>
            0 -1 8 -2.3695718497037888e-02</internalNodes>
          <leafValues>
            9.3326693773269653e-01 -6.0389608144760132e-01</leafValues></_></weakClassifiers></_>
    <!-- stage 7 -->
    <_>
      <maxWeakCount>3</maxWeakCount>
      <stageThreshold>3.9691257476806641e-01</stageThreshold>
      <weakClassifiers>
        <_>
          <internalNodes>
            0 -1 6 3.0015740543603897e-02</internalNodes>
          <leafValues>
            -9.2885375022888184e-01 5.8823531866073608e-01</leafValues></_>
        <_>
          <internalNodes>
            0 -1 15 9.6938974820659496e-06</internalNodes>
          <leafValues>
            5.0863456726074219e-01 -1.</leafValues></_>
        <_>
          <internalNodes>
            0 -1 16 -1.0587463155388832e-02</internalNodes>
          <leafValues>
            8.5338127613067627e-01 -6.9995731115341187e-01</leafValues></_></weakClassifiers></_>
    <!-- stage 8 -->
    <_>
      <maxWeakCount>1</maxWeakCount>
      <stageThreshold>7.2248804569244385e-01</stageThreshold>
      <weakClassifiers>
        <_>
          <internalNodes>
            0 -1 4 -1.1350046843290329e-01</internalNodes>
          <leafValues>
            -1. 7.2248804569244385e-01</leafValues></_></weakClassifiers></_></stages>
  <features>
    <_>
      <rects>
        <_>
          1 4 21 8 -1.</_>
        <_>
          8 4 7 8 3.</_></rects>
      <tilted>0</tilted></_>
    <_>
      <rects>
        <_>
          1 11 28 14 -1.</_>
        <_>
          8 11 14 14 2.</_></rects>
      <tilted>0</tilted></_>
    <_>
      <rects>
        <_>
          2 11 28 6 -1.</_>
        <_>
          9 11 14 6 2.</_></rects>
      <tilted>0</tilted></_>
    <_>
      <rects>
        <_>
          3 2 5 28 -1.</_>
        <_>
          3 9 5 14 2.</_></rects>
      <tilted>0</tilted></_>
    <_>
      <rects>
        <_>
          5 10 24 6 -1.</_>
        <_>
          13 10 8 6 3.</_></rects>
      <tilted>0</tilted></_>
    <_>
      <rects>
        <_>
          10 18 17 12 -1.</_>
        <_>
          10 24 17 6 2.</_></rects>
      <tilted>0</tilted></_>
    <_>
      <rects>
        <_>
          11 2 10 3 -1.</_>
        <_>
          11 2 5 3 2.</_></rects>
      <tilted>1</tilted></_>
    <_>
      <rects>
        <_>
          12 11 12 5 -1.</_>
        <_>
          15 14 6 5 2.</_></rects>
      <tilted>1</tilted></_>
    <_>
      <rects>
        <_>
          13 13 3 8 -1.</_>
        <_>
          13 15 3 4 2.</_></rects>
      <tilted>0</tilted></_>
    <_>
      <rects>
        <_>
          14 11 1 6 -1.</_>
        <_>
          14 13 1 2 3.</_></rects>
      <tilted>0</tilted></_>
    <_>
      <rects>
        <_>
          14 12 3 9 -1.</_>
        <_>
          15 13 1 9 3.</_></rects>
      <tilted>1</tilted></_>
    <_>
      <rects>
        <_>
          16 6 14 24 -1.</_>
        <_>
          16 12 14 12 2.</_></rects>
      <tilted>0</tilted></_>
    <_>
      <rects>
        <_>
          16 15 3 2 -1.</_>
        <_>
          17 15 1 2 3.</_></rects>
      <tilted>0</tilted></_>
    <_>
      <rects>
        <_>
          17 6 10 4 -1.</_>
        <_>
          17 6 5 4 2.</_></rects>
      <tilted>1</tilted></_>
    <_>
      <rects>
        <_>
          18 18 2 3 -1.</_>
        <_>
          18 18 1 3 2.</_></rects>
      <tilted>1</tilted></_>
    <_>
      <rects>
        <_>
          23 4 6 19 -1.</_>
        <_>
          26 4 3 19 2.</_></rects>
      <tilted>0</tilted></_>
    <_>
      <rects>
        <_>
          25 11 4 11 -1.</_>
        <_>
          26 12 2 11 2.</_></rects>
      <tilted>1</tilted></_></features></cascade>
</opencv_storage>
